category_id,file_name
0,5a0fd07c-23d2-11e8-a6a3-ec086b02610b.jpg
0,5a0c9c07-23d2-11e8-a6a3-ec086b02610b.jpg
0,5a0fd0a3-23d2-11e8-a6a3-ec086b02610b.jpg
0,5a0fd172-23d2-11e8-a6a3-ec086b02610b.jpg
0,5a0c9d3f-23d2-11e8-a6a3-ec086b02610b.jpg
0,5a0e37f8-23d2-11e8-a6a3-ec086b02610b.jpg
0,5a0c9ba5-23d2-11e8-a6a3-ec086b02610b.jpg
0,5a0e368c-23d2-11e8-a6a3-ec086b02610b.jpg
0,59ffba9a-23d2-11e8-a6a3-ec086b02610b.jpg
0,5a0e3472-23d2-11e8-a6a3-ec086b02610b.jpg
0,5a0e37ec-23d2-11e8-a6a3-ec086b02610b.jpg
0,5a0c9de8-23d2-11e8-a6a3-ec086b02610b.jpg
0,5a0c9de6-23d2-11e8-a6a3-ec086b02610b.jpg
0,5a2e14c4-23d2-11e8-a6a3-ec086b02610b.jpg
0,5a0e34b2-23d2-11e8-a6a3-ec086b02610b.jpg
0,5a0fd089-23d2-11e8-a6a3-ec086b02610b.jpg
0,5a0e34c3-23d2-11e8-a6a3-ec086b02610b.jpg
0,5a0c9cca-23d2-11e8-a6a3-ec086b02610b.jpg
0,5a0fd1eb-23d2-11e8-a6a3-ec086b02610b.jpg
0,5a0e34c4-23d2-11e8-a6a3-ec086b02610b.jpg
0,5a0c9c98-23d2-11e8-a6a3-ec086b02610b.jpg
0,5a0c9c3d-23d2-11e8-a6a3-ec086b02610b.jpg
0,5a0e35c4-23d2-11e8-a6a3-ec086b02610b.jpg
0,5a0c9bed-23d2-11e8-a6a3-ec086b02610b.jpg
0,5a0c9e08-23d2-11e8-a6a3-ec086b02610b.jpg
0,5a0fd009-23d2-11e8-a6a3-ec086b02610b.jpg
0,5a0fd1d0-23d2-11e8-a6a3-ec086b02610b.jpg
0,5a0fcf21-23d2-11e8-a6a3-ec086b02610b.jpg
0,5a0fd13d-23d2-11e8-a6a3-ec086b02610b.jpg
0,5a0e3827-23d2-11e8-a6a3-ec086b02610b.jpg
0,5a0e3517-23d2-11e8-a6a3-ec086b02610b.jpg
0,5a0c9d81-23d2-11e8-a6a3-ec086b02610b.jpg
0,5a0fd0d7-23d2-11e8-a6a3-ec086b02610b.jpg
0,5a0fcfea-23d2-11e8-a6a3-ec086b02610b.jpg
0,5a2e14b0-23d2-11e8-a6a3-ec086b02610b.jpg
0,5a0c9ca0-23d2-11e8-a6a3-ec086b02610b.jpg
0,5a0c9be0-23d2-11e8-a6a3-ec086b02610b.jpg
0,5a0e363a-23d2-11e8-a6a3-ec086b02610b.jpg
0,5a0fcf1d-23d2-11e8-a6a3-ec086b02610b.jpg
0,5a0c9c91-23d2-11e8-a6a3-ec086b02610b.jpg
0,5a0fd0dd-23d2-11e8-a6a3-ec086b02610b.jpg
0,5a0c9c0b-23d2-11e8-a6a3-ec086b02610b.jpg
0,5a0fd15d-23d2-11e8-a6a3-ec086b02610b.jpg
0,5a0c9cc9-23d2-11e8-a6a3-ec086b02610b.jpg
0,5a0e355d-23d2-11e8-a6a3-ec086b02610b.jpg
0,5a0e361b-23d2-11e8-a6a3-ec086b02610b.jpg
0,5a0c9cc0-23d2-11e8-a6a3-ec086b02610b.jpg
0,5a0fcf20-23d2-11e8-a6a3-ec086b02610b.jpg
0,5a0fd0e4-23d2-11e8-a6a3-ec086b02610b.jpg
0,5a0fd21f-23d2-11e8-a6a3-ec086b02610b.jpg
0,5a0fd0ea-23d2-11e8-a6a3-ec086b02610b.jpg
0,5a0c9d84-23d2-11e8-a6a3-ec086b02610b.jpg
0,5a0c9dac-23d2-11e8-a6a3-ec086b02610b.jpg
0,59ffba22-23d2-11e8-a6a3-ec086b02610b.jpg
0,5a0e351c-23d2-11e8-a6a3-ec086b02610b.jpg
0,5a0fd048-23d2-11e8-a6a3-ec086b02610b.jpg
0,5a0c9cc7-23d2-11e8-a6a3-ec086b02610b.jpg
0,5a0fcf60-23d2-11e8-a6a3-ec086b02610b.jpg
0,5a0e35bc-23d2-11e8-a6a3-ec086b02610b.jpg
0,5a0fd1af-23d2-11e8-a6a3-ec086b02610b.jpg
0,5a0fd0da-23d2-11e8-a6a3-ec086b02610b.jpg
0,5a0c9bfd-23d2-11e8-a6a3-ec086b02610b.jpg
0,5a0e35d3-23d2-11e8-a6a3-ec086b02610b.jpg
0,5a0e36a1-23d2-11e8-a6a3-ec086b02610b.jpg
0,5a0fd01e-23d2-11e8-a6a3-ec086b02610b.jpg
0,5a0e37d8-23d2-11e8-a6a3-ec086b02610b.jpg
0,5a0c9cb7-23d2-11e8-a6a3-ec086b02610b.jpg
0,5a0e378b-23d2-11e8-a6a3-ec086b02610b.jpg
0,5a0e34f0-23d2-11e8-a6a3-ec086b02610b.jpg
0,5a0fcff5-23d2-11e8-a6a3-ec086b02610b.jpg
0,5a0fd177-23d2-11e8-a6a3-ec086b02610b.jpg
0,5a0e360d-23d2-11e8-a6a3-ec086b02610b.jpg
0,5a0e35a3-23d2-11e8-a6a3-ec086b02610b.jpg
0,5a0fcf5e-23d2-11e8-a6a3-ec086b02610b.jpg
0,5a0e37c1-23d2-11e8-a6a3-ec086b02610b.jpg
0,5a0e3470-23d2-11e8-a6a3-ec086b02610b.jpg
0,5a0fd152-23d2-11e8-a6a3-ec086b02610b.jpg
0,5a0e34f8-23d2-11e8-a6a3-ec086b02610b.jpg
0,5a0c9d92-23d2-11e8-a6a3-ec086b02610b.jpg
0,5a0fd28c-23d2-11e8-a6a3-ec086b02610b.jpg
0,5a0c9ce5-23d2-11e8-a6a3-ec086b02610b.jpg
0,5a0c9cb9-23d2-11e8-a6a3-ec086b02610b.jpg
0,5a0fd02d-23d2-11e8-a6a3-ec086b02610b.jpg
0,5a0fceb5-23d2-11e8-a6a3-ec086b02610b.jpg
0,5a0c9b51-23d2-11e8-a6a3-ec086b02610b.jpg
0,5a2e14c7-23d2-11e8-a6a3-ec086b02610b.jpg
0,5a0e3600-23d2-11e8-a6a3-ec086b02610b.jpg
0,59ffba18-23d2-11e8-a6a3-ec086b02610b.jpg
0,5a0e353c-23d2-11e8-a6a3-ec086b02610b.jpg
0,5a0fcf98-23d2-11e8-a6a3-ec086b02610b.jpg
0,5a0fd073-23d2-11e8-a6a3-ec086b02610b.jpg
0,5a0e3704-23d2-11e8-a6a3-ec086b02610b.jpg
0,5a0fcfd8-23d2-11e8-a6a3-ec086b02610b.jpg
0,5a0e362b-23d2-11e8-a6a3-ec086b02610b.jpg
0,5a0e3765-23d2-11e8-a6a3-ec086b02610b.jpg
0,5a0c9d89-23d2-11e8-a6a3-ec086b02610b.jpg
0,5a0fd20f-23d2-11e8-a6a3-ec086b02610b.jpg
0,5a0fd093-23d2-11e8-a6a3-ec086b02610b.jpg
0,5a0e3592-23d2-11e8-a6a3-ec086b02610b.jpg
0,5a0fd0be-23d2-11e8-a6a3-ec086b02610b.jpg
0,5a0e35e0-23d2-11e8-a6a3-ec086b02610b.jpg
0,5a0e3553-23d2-11e8-a6a3-ec086b02610b.jpg
0,5a0fd08c-23d2-11e8-a6a3-ec086b02610b.jpg
0,5a0e34e1-23d2-11e8-a6a3-ec086b02610b.jpg
0,5a0c9d0a-23d2-11e8-a6a3-ec086b02610b.jpg
0,5a0fd19a-23d2-11e8-a6a3-ec086b02610b.jpg
0,5a0e379a-23d2-11e8-a6a3-ec086b02610b.jpg
0,5a0fced8-23d2-11e8-a6a3-ec086b02610b.jpg
0,5a0c9cb4-23d2-11e8-a6a3-ec086b02610b.jpg
0,5a0e3634-23d2-11e8-a6a3-ec086b02610b.jpg
0,5a0fd00f-23d2-11e8-a6a3-ec086b02610b.jpg
0,5a0e3456-23d2-11e8-a6a3-ec086b02610b.jpg
0,5a0fcf11-23d2-11e8-a6a3-ec086b02610b.jpg
0,5a0fd04e-23d2-11e8-a6a3-ec086b02610b.jpg
0,5a0c9cd6-23d2-11e8-a6a3-ec086b02610b.jpg
0,5a0fcee4-23d2-11e8-a6a3-ec086b02610b.jpg
0,5a0c9c41-23d2-11e8-a6a3-ec086b02610b.jpg
0,5a2e14ce-23d2-11e8-a6a3-ec086b02610b.jpg
0,5a0e376e-23d2-11e8-a6a3-ec086b02610b.jpg
0,5a0fcf7e-23d2-11e8-a6a3-ec086b02610b.jpg
0,5a0e377c-23d2-11e8-a6a3-ec086b02610b.jpg
0,5a0e378f-23d2-11e8-a6a3-ec086b02610b.jpg
0,5a0e3598-23d2-11e8-a6a3-ec086b02610b.jpg
0,5a0e3675-23d2-11e8-a6a3-ec086b02610b.jpg
0,5a0e34f9-23d2-11e8-a6a3-ec086b02610b.jpg
0,5a0e34e6-23d2-11e8-a6a3-ec086b02610b.jpg
0,5a0e3684-23d2-11e8-a6a3-ec086b02610b.jpg
0,5a0fd1bd-23d2-11e8-a6a3-ec086b02610b.jpg
0,5a0fd16c-23d2-11e8-a6a3-ec086b02610b.jpg
0,5a0e3576-23d2-11e8-a6a3-ec086b02610b.jpg
0,5a0c9daa-23d2-11e8-a6a3-ec086b02610b.jpg
0,5a0c9d8e-23d2-11e8-a6a3-ec086b02610b.jpg
0,5a0e3780-23d2-11e8-a6a3-ec086b02610b.jpg
0,5a0c9d74-23d2-11e8-a6a3-ec086b02610b.jpg
0,5a0e37f9-23d2-11e8-a6a3-ec086b02610b.jpg
0,5a0e345b-23d2-11e8-a6a3-ec086b02610b.jpg
0,5a0e37c0-23d2-11e8-a6a3-ec086b02610b.jpg
0,5a0e37fc-23d2-11e8-a6a3-ec086b02610b.jpg
0,5a0e3615-23d2-11e8-a6a3-ec086b02610b.jpg
0,5a0c9c05-23d2-11e8-a6a3-ec086b02610b.jpg
0,5a0e34ca-23d2-11e8-a6a3-ec086b02610b.jpg
0,5a0e36a8-23d2-11e8-a6a3-ec086b02610b.jpg
0,5a0fcf70-23d2-11e8-a6a3-ec086b02610b.jpg
0,5a0c9c77-23d2-11e8-a6a3-ec086b02610b.jpg
0,5a0e3466-23d2-11e8-a6a3-ec086b02610b.jpg
0,5a0e36be-23d2-11e8-a6a3-ec086b02610b.jpg
0,5a0e3818-23d2-11e8-a6a3-ec086b02610b.jpg
0,5a0c9db9-23d2-11e8-a6a3-ec086b02610b.jpg
0,5a0fd05d-23d2-11e8-a6a3-ec086b02610b.jpg
0,5a0fcf28-23d2-11e8-a6a3-ec086b02610b.jpg
0,5a0fd120-23d2-11e8-a6a3-ec086b02610b.jpg
0,5a0e3533-23d2-11e8-a6a3-ec086b02610b.jpg
0,5a0e378c-23d2-11e8-a6a3-ec086b02610b.jpg
0,5a0c9d5b-23d2-11e8-a6a3-ec086b02610b.jpg
0,5a0fd138-23d2-11e8-a6a3-ec086b02610b.jpg
0,5a0e3761-23d2-11e8-a6a3-ec086b02610b.jpg
0,5a0e372a-23d2-11e8-a6a3-ec086b02610b.jpg
0,5a0c9bab-23d2-11e8-a6a3-ec086b02610b.jpg
0,5a0c9d51-23d2-11e8-a6a3-ec086b02610b.jpg
0,5a0e34ff-23d2-11e8-a6a3-ec086b02610b.jpg
0,5a0e36b1-23d2-11e8-a6a3-ec086b02610b.jpg
0,5a0c9d28-23d2-11e8-a6a3-ec086b02610b.jpg
0,5a0e3641-23d2-11e8-a6a3-ec086b02610b.jpg
0,5a0fcf02-23d2-11e8-a6a3-ec086b02610b.jpg
0,5a0fcf9d-23d2-11e8-a6a3-ec086b02610b.jpg
0,59ffba45-23d2-11e8-a6a3-ec086b02610b.jpg
0,5a0c9d8a-23d2-11e8-a6a3-ec086b02610b.jpg
0,5a0fd09b-23d2-11e8-a6a3-ec086b02610b.jpg
0,5a0c9e06-23d2-11e8-a6a3-ec086b02610b.jpg
0,5a0c9c27-23d2-11e8-a6a3-ec086b02610b.jpg
0,5a0e3536-23d2-11e8-a6a3-ec086b02610b.jpg
0,5a0fcfba-23d2-11e8-a6a3-ec086b02610b.jpg
0,5a0e34b8-23d2-11e8-a6a3-ec086b02610b.jpg
0,5a0c9bd5-23d2-11e8-a6a3-ec086b02610b.jpg
0,5a0e3747-23d2-11e8-a6a3-ec086b02610b.jpg
0,5a0fcfa8-23d2-11e8-a6a3-ec086b02610b.jpg
0,5a0e3829-23d2-11e8-a6a3-ec086b02610b.jpg
0,5a0fd1d6-23d2-11e8-a6a3-ec086b02610b.jpg
0,5a0e3707-23d2-11e8-a6a3-ec086b02610b.jpg
0,5a0fcfbc-23d2-11e8-a6a3-ec086b02610b.jpg
0,5a0e3458-23d2-11e8-a6a3-ec086b02610b.jpg
0,59ffba29-23d2-11e8-a6a3-ec086b02610b.jpg
0,5a0fcfb7-23d2-11e8-a6a3-ec086b02610b.jpg
0,5a0c9c7d-23d2-11e8-a6a3-ec086b02610b.jpg
0,59ffba11-23d2-11e8-a6a3-ec086b02610b.jpg
0,5a0e3734-23d2-11e8-a6a3-ec086b02610b.jpg
0,5a0e34b3-23d2-11e8-a6a3-ec086b02610b.jpg
0,5a0c9e00-23d2-11e8-a6a3-ec086b02610b.jpg
0,5a0e35f4-23d2-11e8-a6a3-ec086b02610b.jpg
0,5a0e36bc-23d2-11e8-a6a3-ec086b02610b.jpg
0,5a0c9dec-23d2-11e8-a6a3-ec086b02610b.jpg
0,5a0e35ba-23d2-11e8-a6a3-ec086b02610b.jpg
0,5858bf2a-23d2-11e8-a6a3-ec086b02610b.jpg
0,5a0c9d27-23d2-11e8-a6a3-ec086b02610b.jpg
0,5a0fcf4e-23d2-11e8-a6a3-ec086b02610b.jpg
0,5a0fd164-23d2-11e8-a6a3-ec086b02610b.jpg
0,5a2e14b7-23d2-11e8-a6a3-ec086b02610b.jpg
0,5a0fd11f-23d2-11e8-a6a3-ec086b02610b.jpg
0,5a0fd26b-23d2-11e8-a6a3-ec086b02610b.jpg
0,5a0fd0c6-23d2-11e8-a6a3-ec086b02610b.jpg
0,5a0c9bbc-23d2-11e8-a6a3-ec086b02610b.jpg
0,5a0e3565-23d2-11e8-a6a3-ec086b02610b.jpg
0,5a0fcfa5-23d2-11e8-a6a3-ec086b02610b.jpg
0,5a0e3531-23d2-11e8-a6a3-ec086b02610b.jpg
0,5a0c9cf6-23d2-11e8-a6a3-ec086b02610b.jpg
0,5a0fd10b-23d2-11e8-a6a3-ec086b02610b.jpg
0,5a2e14a5-23d2-11e8-a6a3-ec086b02610b.jpg
0,5a0fd12a-23d2-11e8-a6a3-ec086b02610b.jpg
0,5a0e35ad-23d2-11e8-a6a3-ec086b02610b.jpg
0,5a0fced2-23d2-11e8-a6a3-ec086b02610b.jpg
0,5a0e3699-23d2-11e8-a6a3-ec086b02610b.jpg
0,5a0c9ce0-23d2-11e8-a6a3-ec086b02610b.jpg
0,5a0e373b-23d2-11e8-a6a3-ec086b02610b.jpg
0,5a0fd26e-23d2-11e8-a6a3-ec086b02610b.jpg
0,5a0c9bb2-23d2-11e8-a6a3-ec086b02610b.jpg
0,5a0fd1cc-23d2-11e8-a6a3-ec086b02610b.jpg
0,5a0c9e1c-23d2-11e8-a6a3-ec086b02610b.jpg
0,5a0c9d90-23d2-11e8-a6a3-ec086b02610b.jpg
0,5a0fcf17-23d2-11e8-a6a3-ec086b02610b.jpg
0,5a0fd20d-23d2-11e8-a6a3-ec086b02610b.jpg
0,5a2e14a0-23d2-11e8-a6a3-ec086b02610b.jpg
0,59ffba40-23d2-11e8-a6a3-ec086b02610b.jpg
0,5a0fcfe2-23d2-11e8-a6a3-ec086b02610b.jpg
0,5a0e37b3-23d2-11e8-a6a3-ec086b02610b.jpg
0,5a0e37a8-23d2-11e8-a6a3-ec086b02610b.jpg
0,5a0e3582-23d2-11e8-a6a3-ec086b02610b.jpg
0,5a0e35bb-23d2-11e8-a6a3-ec086b02610b.jpg
0,5a0c9d62-23d2-11e8-a6a3-ec086b02610b.jpg
0,5a0e369f-23d2-11e8-a6a3-ec086b02610b.jpg
0,5a0c9c92-23d2-11e8-a6a3-ec086b02610b.jpg
0,5a0fd19d-23d2-11e8-a6a3-ec086b02610b.jpg
0,5a0fced9-23d2-11e8-a6a3-ec086b02610b.jpg
0,5a0fcfcf-23d2-11e8-a6a3-ec086b02610b.jpg
0,5a0fcf99-23d2-11e8-a6a3-ec086b02610b.jpg
0,5a0e3708-23d2-11e8-a6a3-ec086b02610b.jpg
0,5a0fd063-23d2-11e8-a6a3-ec086b02610b.jpg
0,5a0e3664-23d2-11e8-a6a3-ec086b02610b.jpg
0,5a0fd092-23d2-11e8-a6a3-ec086b02610b.jpg
0,5a0fcf06-23d2-11e8-a6a3-ec086b02610b.jpg
0,5a0fd1d1-23d2-11e8-a6a3-ec086b02610b.jpg
0,5a0fd002-23d2-11e8-a6a3-ec086b02610b.jpg
0,5a0fcff3-23d2-11e8-a6a3-ec086b02610b.jpg
0,5a0fd0dc-23d2-11e8-a6a3-ec086b02610b.jpg
0,5a0c9d55-23d2-11e8-a6a3-ec086b02610b.jpg
0,5a0e35b6-23d2-11e8-a6a3-ec086b02610b.jpg
0,5a0fd098-23d2-11e8-a6a3-ec086b02610b.jpg
0,5a0e35f9-23d2-11e8-a6a3-ec086b02610b.jpg
0,5a0fd188-23d2-11e8-a6a3-ec086b02610b.jpg
0,5a0c9c1a-23d2-11e8-a6a3-ec086b02610b.jpg
0,5a0fcf9a-23d2-11e8-a6a3-ec086b02610b.jpg
0,5a0c9d0b-23d2-11e8-a6a3-ec086b02610b.jpg
0,5a0e377f-23d2-11e8-a6a3-ec086b02610b.jpg
0,5a0fd024-23d2-11e8-a6a3-ec086b02610b.jpg
0,5a0fd18a-23d2-11e8-a6a3-ec086b02610b.jpg
0,5a0e3705-23d2-11e8-a6a3-ec086b02610b.jpg
0,5a0e34e7-23d2-11e8-a6a3-ec086b02610b.jpg
0,5a0fd014-23d2-11e8-a6a3-ec086b02610b.jpg
0,5a0fcec2-23d2-11e8-a6a3-ec086b02610b.jpg
0,5a0c9c2e-23d2-11e8-a6a3-ec086b02610b.jpg
0,5a0c9c4d-23d2-11e8-a6a3-ec086b02610b.jpg
0,5a0fd194-23d2-11e8-a6a3-ec086b02610b.jpg
0,5a0c9bfb-23d2-11e8-a6a3-ec086b02610b.jpg
0,5a0c9c66-23d2-11e8-a6a3-ec086b02610b.jpg
0,5a0fd0cc-23d2-11e8-a6a3-ec086b02610b.jpg
0,5a0c9c37-23d2-11e8-a6a3-ec086b02610b.jpg
0,5a0c9dae-23d2-11e8-a6a3-ec086b02610b.jpg
0,5a0e361f-23d2-11e8-a6a3-ec086b02610b.jpg
0,5a0c9cb8-23d2-11e8-a6a3-ec086b02610b.jpg
0,5a0e352a-23d2-11e8-a6a3-ec086b02610b.jpg
0,5a0fd139-23d2-11e8-a6a3-ec086b02610b.jpg
0,5a0fd11d-23d2-11e8-a6a3-ec086b02610b.jpg
0,5a2e14cf-23d2-11e8-a6a3-ec086b02610b.jpg
0,5a0e350d-23d2-11e8-a6a3-ec086b02610b.jpg
0,5a0c9b53-23d2-11e8-a6a3-ec086b02610b.jpg
0,5a0fd17b-23d2-11e8-a6a3-ec086b02610b.jpg
0,5a0c9c73-23d2-11e8-a6a3-ec086b02610b.jpg
0,5a0fcf31-23d2-11e8-a6a3-ec086b02610b.jpg
0,5a2e14b9-23d2-11e8-a6a3-ec086b02610b.jpg
0,5a0e3746-23d2-11e8-a6a3-ec086b02610b.jpg
0,5a0c9d1c-23d2-11e8-a6a3-ec086b02610b.jpg
0,5a0c9bb6-23d2-11e8-a6a3-ec086b02610b.jpg
0,5a0c9d05-23d2-11e8-a6a3-ec086b02610b.jpg
0,5a0c9d4e-23d2-11e8-a6a3-ec086b02610b.jpg
0,5a0e3593-23d2-11e8-a6a3-ec086b02610b.jpg
0,5a0fd0f8-23d2-11e8-a6a3-ec086b02610b.jpg
0,5a0fcfab-23d2-11e8-a6a3-ec086b02610b.jpg
0,5a0c9d14-23d2-11e8-a6a3-ec086b02610b.jpg
0,5a0fcfd0-23d2-11e8-a6a3-ec086b02610b.jpg
0,5a0e3626-23d2-11e8-a6a3-ec086b02610b.jpg
0,5a0fd015-23d2-11e8-a6a3-ec086b02610b.jpg
0,5a0fcf69-23d2-11e8-a6a3-ec086b02610b.jpg
0,5a0e364c-23d2-11e8-a6a3-ec086b02610b.jpg
0,5a0e3577-23d2-11e8-a6a3-ec086b02610b.jpg
0,5a0e3555-23d2-11e8-a6a3-ec086b02610b.jpg
0,5a0c9baa-23d2-11e8-a6a3-ec086b02610b.jpg
0,5a0e36f7-23d2-11e8-a6a3-ec086b02610b.jpg
0,5a0c9c72-23d2-11e8-a6a3-ec086b02610b.jpg
0,5a0c9cde-23d2-11e8-a6a3-ec086b02610b.jpg
0,5a0fd185-23d2-11e8-a6a3-ec086b02610b.jpg
0,5a0c9dff-23d2-11e8-a6a3-ec086b02610b.jpg
0,5a0e34c7-23d2-11e8-a6a3-ec086b02610b.jpg
0,5a0fd0a2-23d2-11e8-a6a3-ec086b02610b.jpg
0,5a0c9ca4-23d2-11e8-a6a3-ec086b02610b.jpg
0,5a0fd0a5-23d2-11e8-a6a3-ec086b02610b.jpg
0,5a0e34e8-23d2-11e8-a6a3-ec086b02610b.jpg
0,5a0e3526-23d2-11e8-a6a3-ec086b02610b.jpg
0,5a0e3696-23d2-11e8-a6a3-ec086b02610b.jpg
0,5a0c9c51-23d2-11e8-a6a3-ec086b02610b.jpg
0,5a0fd0e1-23d2-11e8-a6a3-ec086b02610b.jpg
0,5a0fcef1-23d2-11e8-a6a3-ec086b02610b.jpg
0,5a0c9c93-23d2-11e8-a6a3-ec086b02610b.jpg
0,5a0e36ac-23d2-11e8-a6a3-ec086b02610b.jpg
0,5a0fd181-23d2-11e8-a6a3-ec086b02610b.jpg
0,5a0fd0d6-23d2-11e8-a6a3-ec086b02610b.jpg
0,5a0e36d4-23d2-11e8-a6a3-ec086b02610b.jpg
0,5a0c9e03-23d2-11e8-a6a3-ec086b02610b.jpg
0,5a0fd1d8-23d2-11e8-a6a3-ec086b02610b.jpg
0,5a0fcf59-23d2-11e8-a6a3-ec086b02610b.jpg
0,5a0c9b90-23d2-11e8-a6a3-ec086b02610b.jpg
0,5a0e35f1-23d2-11e8-a6a3-ec086b02610b.jpg
0,5a0fd14c-23d2-11e8-a6a3-ec086b02610b.jpg
0,5a0fd1df-23d2-11e8-a6a3-ec086b02610b.jpg
0,5a0e376a-23d2-11e8-a6a3-ec086b02610b.jpg
0,5a0c9d49-23d2-11e8-a6a3-ec086b02610b.jpg
0,5a0c9cad-23d2-11e8-a6a3-ec086b02610b.jpg
0,5a0c9c3c-23d2-11e8-a6a3-ec086b02610b.jpg
0,5a0e373c-23d2-11e8-a6a3-ec086b02610b.jpg
0,5a0c9c55-23d2-11e8-a6a3-ec086b02610b.jpg
0,5a0e3821-23d2-11e8-a6a3-ec086b02610b.jpg
0,5a0fd18b-23d2-11e8-a6a3-ec086b02610b.jpg
0,5a0e348b-23d2-11e8-a6a3-ec086b02610b.jpg
0,5a0e36a0-23d2-11e8-a6a3-ec086b02610b.jpg
0,5a0fd1d4-23d2-11e8-a6a3-ec086b02610b.jpg
0,5a0c9c9c-23d2-11e8-a6a3-ec086b02610b.jpg
0,5a0c9bce-23d2-11e8-a6a3-ec086b02610b.jpg
0,5a0e34c0-23d2-11e8-a6a3-ec086b02610b.jpg
0,5a0fd1ea-23d2-11e8-a6a3-ec086b02610b.jpg
0,5a0fd0d1-23d2-11e8-a6a3-ec086b02610b.jpg
0,5a0e357c-23d2-11e8-a6a3-ec086b02610b.jpg
0,5a0fd180-23d2-11e8-a6a3-ec086b02610b.jpg
0,5a0fcef8-23d2-11e8-a6a3-ec086b02610b.jpg
0,5a0fd165-23d2-11e8-a6a3-ec086b02610b.jpg
0,5a0e36dd-23d2-11e8-a6a3-ec086b02610b.jpg
0,5a0fd23c-23d2-11e8-a6a3-ec086b02610b.jpg
0,5a0c9dcd-23d2-11e8-a6a3-ec086b02610b.jpg
0,5a0e3769-23d2-11e8-a6a3-ec086b02610b.jpg
0,5a0c9cf0-23d2-11e8-a6a3-ec086b02610b.jpg
0,5a2e14c8-23d2-11e8-a6a3-ec086b02610b.jpg
0,5a0fcfd4-23d2-11e8-a6a3-ec086b02610b.jpg
0,5a0c9cc8-23d2-11e8-a6a3-ec086b02610b.jpg
0,5a0e36b8-23d2-11e8-a6a3-ec086b02610b.jpg
0,5a0c9d57-23d2-11e8-a6a3-ec086b02610b.jpg
0,5a0c9de2-23d2-11e8-a6a3-ec086b02610b.jpg
0,5a0e35f8-23d2-11e8-a6a3-ec086b02610b.jpg
0,5a0e37a6-23d2-11e8-a6a3-ec086b02610b.jpg
0,5a0e36c5-23d2-11e8-a6a3-ec086b02610b.jpg
0,5a0e34da-23d2-11e8-a6a3-ec086b02610b.jpg
0,5a0e36fa-23d2-11e8-a6a3-ec086b02610b.jpg
0,5a0c9d7a-23d2-11e8-a6a3-ec086b02610b.jpg
0,5a0e3685-23d2-11e8-a6a3-ec086b02610b.jpg
0,5a0fcf7c-23d2-11e8-a6a3-ec086b02610b.jpg
0,5a0e3736-23d2-11e8-a6a3-ec086b02610b.jpg
0,5a0e3776-23d2-11e8-a6a3-ec086b02610b.jpg
0,5a0e37b5-23d2-11e8-a6a3-ec086b02610b.jpg
0,5a2e1495-23d2-11e8-a6a3-ec086b02610b.jpg
0,5a0e3706-23d2-11e8-a6a3-ec086b02610b.jpg
0,5a0fd1c8-23d2-11e8-a6a3-ec086b02610b.jpg
0,5a0fd119-23d2-11e8-a6a3-ec086b02610b.jpg
0,5a0fd26d-23d2-11e8-a6a3-ec086b02610b.jpg
0,5a0c9b61-23d2-11e8-a6a3-ec086b02610b.jpg
0,5a0e3718-23d2-11e8-a6a3-ec086b02610b.jpg
0,5a0e346b-23d2-11e8-a6a3-ec086b02610b.jpg
0,5a0c9b84-23d2-11e8-a6a3-ec086b02610b.jpg
0,5a0e380b-23d2-11e8-a6a3-ec086b02610b.jpg
0,5a0fcfdb-23d2-11e8-a6a3-ec086b02610b.jpg
0,5a0e34e4-23d2-11e8-a6a3-ec086b02610b.jpg
0,5a0e34d3-23d2-11e8-a6a3-ec086b02610b.jpg
0,5a0fd0ac-23d2-11e8-a6a3-ec086b02610b.jpg
0,5a0fcfac-23d2-11e8-a6a3-ec086b02610b.jpg
0,5a0fcfd6-23d2-11e8-a6a3-ec086b02610b.jpg
0,5a0e37e6-23d2-11e8-a6a3-ec086b02610b.jpg
0,5a0fcfa6-23d2-11e8-a6a3-ec086b02610b.jpg
0,5a0e3551-23d2-11e8-a6a3-ec086b02610b.jpg
0,59ffba28-23d2-11e8-a6a3-ec086b02610b.jpg
0,5a0fd03b-23d2-11e8-a6a3-ec086b02610b.jpg
0,5a0c9cd7-23d2-11e8-a6a3-ec086b02610b.jpg
0,5a0c9ce2-23d2-11e8-a6a3-ec086b02610b.jpg
0,5a0e3608-23d2-11e8-a6a3-ec086b02610b.jpg
0,5a0e3621-23d2-11e8-a6a3-ec086b02610b.jpg
0,5a0fcf1e-23d2-11e8-a6a3-ec086b02610b.jpg
0,5a0c9cf9-23d2-11e8-a6a3-ec086b02610b.jpg
0,5a0e34d0-23d2-11e8-a6a3-ec086b02610b.jpg
0,5a0fcf2f-23d2-11e8-a6a3-ec086b02610b.jpg
0,5a0e3680-23d2-11e8-a6a3-ec086b02610b.jpg
0,5a0c9c80-23d2-11e8-a6a3-ec086b02610b.jpg
0,5a0fcf50-23d2-11e8-a6a3-ec086b02610b.jpg
0,5a0e3809-23d2-11e8-a6a3-ec086b02610b.jpg
0,5a0fcefd-23d2-11e8-a6a3-ec086b02610b.jpg
0,5a0e360f-23d2-11e8-a6a3-ec086b02610b.jpg
0,5a0e36cb-23d2-11e8-a6a3-ec086b02610b.jpg
0,5a0e3811-23d2-11e8-a6a3-ec086b02610b.jpg
0,5a0c9b57-23d2-11e8-a6a3-ec086b02610b.jpg
0,5a0fd0de-23d2-11e8-a6a3-ec086b02610b.jpg
0,5a0fd0fd-23d2-11e8-a6a3-ec086b02610b.jpg
0,5a0e3532-23d2-11e8-a6a3-ec086b02610b.jpg
0,5a0e34cd-23d2-11e8-a6a3-ec086b02610b.jpg
0,5a0c9cd8-23d2-11e8-a6a3-ec086b02610b.jpg
0,5a0e37a2-23d2-11e8-a6a3-ec086b02610b.jpg
0,5a0c9c32-23d2-11e8-a6a3-ec086b02610b.jpg
0,5a0c9b98-23d2-11e8-a6a3-ec086b02610b.jpg
0,5a0e34a1-23d2-11e8-a6a3-ec086b02610b.jpg
0,5a0fd090-23d2-11e8-a6a3-ec086b02610b.jpg
0,5a0c9cfa-23d2-11e8-a6a3-ec086b02610b.jpg
0,5a0e35cb-23d2-11e8-a6a3-ec086b02610b.jpg
0,5a0fd14b-23d2-11e8-a6a3-ec086b02610b.jpg
0,5a0e371d-23d2-11e8-a6a3-ec086b02610b.jpg
0,5a0fced6-23d2-11e8-a6a3-ec086b02610b.jpg
0,5a0c9e0a-23d2-11e8-a6a3-ec086b02610b.jpg
0,5a0c9d88-23d2-11e8-a6a3-ec086b02610b.jpg
0,5a0fd0e0-23d2-11e8-a6a3-ec086b02610b.jpg
0,5a0e37e9-23d2-11e8-a6a3-ec086b02610b.jpg
0,5a0c9c5f-23d2-11e8-a6a3-ec086b02610b.jpg
0,5a0e3740-23d2-11e8-a6a3-ec086b02610b.jpg
0,5a0fcfc7-23d2-11e8-a6a3-ec086b02610b.jpg
0,5a0c9be9-23d2-11e8-a6a3-ec086b02610b.jpg
0,5a0fd19f-23d2-11e8-a6a3-ec086b02610b.jpg
0,5a0fcebf-23d2-11e8-a6a3-ec086b02610b.jpg
0,5a0c9e1b-23d2-11e8-a6a3-ec086b02610b.jpg
0,5a0fd0ce-23d2-11e8-a6a3-ec086b02610b.jpg
0,5a0fcf53-23d2-11e8-a6a3-ec086b02610b.jpg
0,5a0c9dc3-23d2-11e8-a6a3-ec086b02610b.jpg
0,5a0c9d79-23d2-11e8-a6a3-ec086b02610b.jpg
0,5a0c9df2-23d2-11e8-a6a3-ec086b02610b.jpg
0,5a0c9d2c-23d2-11e8-a6a3-ec086b02610b.jpg
0,5a2e14a4-23d2-11e8-a6a3-ec086b02610b.jpg
0,5a0fcf74-23d2-11e8-a6a3-ec086b02610b.jpg
0,5a0fd1aa-23d2-11e8-a6a3-ec086b02610b.jpg
0,59ffba8b-23d2-11e8-a6a3-ec086b02610b.jpg
0,5a0fd1b7-23d2-11e8-a6a3-ec086b02610b.jpg
0,5a0e34ed-23d2-11e8-a6a3-ec086b02610b.jpg
0,5a0fd28e-23d2-11e8-a6a3-ec086b02610b.jpg
0,5a0fcf3c-23d2-11e8-a6a3-ec086b02610b.jpg
0,5a0fcfdc-23d2-11e8-a6a3-ec086b02610b.jpg
0,5a0fd05e-23d2-11e8-a6a3-ec086b02610b.jpg
0,5a0e373d-23d2-11e8-a6a3-ec086b02610b.jpg
0,5a0c9c5c-23d2-11e8-a6a3-ec086b02610b.jpg
0,5a0fd147-23d2-11e8-a6a3-ec086b02610b.jpg
0,5a0c9d5c-23d2-11e8-a6a3-ec086b02610b.jpg
0,59ffba41-23d2-11e8-a6a3-ec086b02610b.jpg
0,5a0fd1c2-23d2-11e8-a6a3-ec086b02610b.jpg
0,5a0e3756-23d2-11e8-a6a3-ec086b02610b.jpg
0,5a0e3469-23d2-11e8-a6a3-ec086b02610b.jpg
0,5a0e36e4-23d2-11e8-a6a3-ec086b02610b.jpg
0,5a0e34c1-23d2-11e8-a6a3-ec086b02610b.jpg
0,5a0c9cba-23d2-11e8-a6a3-ec086b02610b.jpg
0,5a0e3575-23d2-11e8-a6a3-ec086b02610b.jpg
0,5a0e3683-23d2-11e8-a6a3-ec086b02610b.jpg
0,5a0e345c-23d2-11e8-a6a3-ec086b02610b.jpg
0,5a2e14c1-23d2-11e8-a6a3-ec086b02610b.jpg
0,5a0fcf79-23d2-11e8-a6a3-ec086b02610b.jpg
0,5a0fd129-23d2-11e8-a6a3-ec086b02610b.jpg
0,5a0e3511-23d2-11e8-a6a3-ec086b02610b.jpg
0,5a0fcf04-23d2-11e8-a6a3-ec086b02610b.jpg
0,5a0fd086-23d2-11e8-a6a3-ec086b02610b.jpg
0,5a0c9d08-23d2-11e8-a6a3-ec086b02610b.jpg
0,5a0e366f-23d2-11e8-a6a3-ec086b02610b.jpg
0,5a0fd0d0-23d2-11e8-a6a3-ec086b02610b.jpg
0,5a0c9d7f-23d2-11e8-a6a3-ec086b02610b.jpg
0,5a0fd070-23d2-11e8-a6a3-ec086b02610b.jpg
0,5a0e361e-23d2-11e8-a6a3-ec086b02610b.jpg
0,5a0fd24e-23d2-11e8-a6a3-ec086b02610b.jpg
0,5a0fd079-23d2-11e8-a6a3-ec086b02610b.jpg
0,5a0e35d8-23d2-11e8-a6a3-ec086b02610b.jpg
0,5a0fd123-23d2-11e8-a6a3-ec086b02610b.jpg
0,5a0fd08d-23d2-11e8-a6a3-ec086b02610b.jpg
0,5a0c9d75-23d2-11e8-a6a3-ec086b02610b.jpg
0,5a0fcf03-23d2-11e8-a6a3-ec086b02610b.jpg
0,5a0e378e-23d2-11e8-a6a3-ec086b02610b.jpg
0,5a0e358d-23d2-11e8-a6a3-ec086b02610b.jpg
0,5a0c9bba-23d2-11e8-a6a3-ec086b02610b.jpg
0,5a0c9d38-23d2-11e8-a6a3-ec086b02610b.jpg
0,5a0c9d03-23d2-11e8-a6a3-ec086b02610b.jpg
0,5a0e35ee-23d2-11e8-a6a3-ec086b02610b.jpg
0,5a0fd1e2-23d2-11e8-a6a3-ec086b02610b.jpg
0,5a0fcfbe-23d2-11e8-a6a3-ec086b02610b.jpg
0,5a0fd0a8-23d2-11e8-a6a3-ec086b02610b.jpg
0,5a0e360e-23d2-11e8-a6a3-ec086b02610b.jpg
0,5a0e370f-23d2-11e8-a6a3-ec086b02610b.jpg
0,5a0fd1fd-23d2-11e8-a6a3-ec086b02610b.jpg
0,5a0e34b0-23d2-11e8-a6a3-ec086b02610b.jpg
0,5a0fcecf-23d2-11e8-a6a3-ec086b02610b.jpg
0,5a0e3822-23d2-11e8-a6a3-ec086b02610b.jpg
0,5a0e37cd-23d2-11e8-a6a3-ec086b02610b.jpg
0,5a0fcfa4-23d2-11e8-a6a3-ec086b02610b.jpg
0,5a0fcfe3-23d2-11e8-a6a3-ec086b02610b.jpg
0,5a0c9b62-23d2-11e8-a6a3-ec086b02610b.jpg
0,5a0e35e2-23d2-11e8-a6a3-ec086b02610b.jpg
0,5a0fd0e3-23d2-11e8-a6a3-ec086b02610b.jpg
0,5a0fd21a-23d2-11e8-a6a3-ec086b02610b.jpg
0,5a0fd0f0-23d2-11e8-a6a3-ec086b02610b.jpg
0,5a0c9c8f-23d2-11e8-a6a3-ec086b02610b.jpg
0,59ffba33-23d2-11e8-a6a3-ec086b02610b.jpg
0,5a0e3525-23d2-11e8-a6a3-ec086b02610b.jpg
0,5a0e355f-23d2-11e8-a6a3-ec086b02610b.jpg
0,5a0c9d72-23d2-11e8-a6a3-ec086b02610b.jpg
0,5a0e382f-23d2-11e8-a6a3-ec086b02610b.jpg
0,5a0e34c8-23d2-11e8-a6a3-ec086b02610b.jpg
0,5a0e35a0-23d2-11e8-a6a3-ec086b02610b.jpg
0,5a0e347c-23d2-11e8-a6a3-ec086b02610b.jpg
0,5a0c9d21-23d2-11e8-a6a3-ec086b02610b.jpg
0,5a0e37d9-23d2-11e8-a6a3-ec086b02610b.jpg
0,5a0e3663-23d2-11e8-a6a3-ec086b02610b.jpg
0,5a0e35f6-23d2-11e8-a6a3-ec086b02610b.jpg
0,59ffba15-23d2-11e8-a6a3-ec086b02610b.jpg
0,5a0fd1b2-23d2-11e8-a6a3-ec086b02610b.jpg
0,5a0e380c-23d2-11e8-a6a3-ec086b02610b.jpg
0,5a0e34b5-23d2-11e8-a6a3-ec086b02610b.jpg
0,5a0e379b-23d2-11e8-a6a3-ec086b02610b.jpg
0,5a0e3825-23d2-11e8-a6a3-ec086b02610b.jpg
0,5a0e3599-23d2-11e8-a6a3-ec086b02610b.jpg
0,5a0c9b74-23d2-11e8-a6a3-ec086b02610b.jpg
0,5a0c9b56-23d2-11e8-a6a3-ec086b02610b.jpg
0,5a0fd0f7-23d2-11e8-a6a3-ec086b02610b.jpg
0,5a0fd0d9-23d2-11e8-a6a3-ec086b02610b.jpg
0,5a2e14ba-23d2-11e8-a6a3-ec086b02610b.jpg
0,5a0fcf91-23d2-11e8-a6a3-ec086b02610b.jpg
0,5a0c9b55-23d2-11e8-a6a3-ec086b02610b.jpg
0,5a0c9c8c-23d2-11e8-a6a3-ec086b02610b.jpg
0,5a0e368e-23d2-11e8-a6a3-ec086b02610b.jpg
0,5a0fd0e5-23d2-11e8-a6a3-ec086b02610b.jpg
0,5a0fd006-23d2-11e8-a6a3-ec086b02610b.jpg
0,5a0c9bdc-23d2-11e8-a6a3-ec086b02610b.jpg
0,5a0e34af-23d2-11e8-a6a3-ec086b02610b.jpg
0,5a0c9d50-23d2-11e8-a6a3-ec086b02610b.jpg
0,5a0c9c01-23d2-11e8-a6a3-ec086b02610b.jpg
0,5a0e36b9-23d2-11e8-a6a3-ec086b02610b.jpg
0,5a0c9d2d-23d2-11e8-a6a3-ec086b02610b.jpg
0,5a0c9c49-23d2-11e8-a6a3-ec086b02610b.jpg
0,5a0fd14e-23d2-11e8-a6a3-ec086b02610b.jpg
0,5a0e35ac-23d2-11e8-a6a3-ec086b02610b.jpg
0,5a0e3697-23d2-11e8-a6a3-ec086b02610b.jpg
0,5a0c9c2a-23d2-11e8-a6a3-ec086b02610b.jpg
0,5a0fd0a1-23d2-11e8-a6a3-ec086b02610b.jpg
0,5a0fd19b-23d2-11e8-a6a3-ec086b02610b.jpg
1,5a0fd1ae-23d2-11e8-a6a3-ec086b02610b.jpg
1,5a0c9c24-23d2-11e8-a6a3-ec086b02610b.jpg
1,5a0c9bbb-23d2-11e8-a6a3-ec086b02610b.jpg
1,59ffba38-23d2-11e8-a6a3-ec086b02610b.jpg
1,5a0fd03c-23d2-11e8-a6a3-ec086b02610b.jpg
1,5a0fd163-23d2-11e8-a6a3-ec086b02610b.jpg
1,5a0c9d6b-23d2-11e8-a6a3-ec086b02610b.jpg
1,5a0e35d6-23d2-11e8-a6a3-ec086b02610b.jpg
1,59ffba25-23d2-11e8-a6a3-ec086b02610b.jpg
1,5a0c9dc4-23d2-11e8-a6a3-ec086b02610b.jpg
1,5a0fd184-23d2-11e8-a6a3-ec086b02610b.jpg
1,5a0e3797-23d2-11e8-a6a3-ec086b02610b.jpg
1,5a2e14ab-23d2-11e8-a6a3-ec086b02610b.jpg
1,5a0e35d2-23d2-11e8-a6a3-ec086b02610b.jpg
1,5a0fd28f-23d2-11e8-a6a3-ec086b02610b.jpg
1,5a0fcfd2-23d2-11e8-a6a3-ec086b02610b.jpg
1,5a0e36b5-23d2-11e8-a6a3-ec086b02610b.jpg
1,59ffba16-23d2-11e8-a6a3-ec086b02610b.jpg
1,5a0c9c5e-23d2-11e8-a6a3-ec086b02610b.jpg
1,5a0fcf42-23d2-11e8-a6a3-ec086b02610b.jpg
1,5a0fd182-23d2-11e8-a6a3-ec086b02610b.jpg
1,5a0c9b95-23d2-11e8-a6a3-ec086b02610b.jpg
1,5a0e3720-23d2-11e8-a6a3-ec086b02610b.jpg
1,5a0fcf3d-23d2-11e8-a6a3-ec086b02610b.jpg
1,5a0e3561-23d2-11e8-a6a3-ec086b02610b.jpg
1,5a0fd192-23d2-11e8-a6a3-ec086b02610b.jpg
1,5a0e3655-23d2-11e8-a6a3-ec086b02610b.jpg
1,5a0e3450-23d2-11e8-a6a3-ec086b02610b.jpg
1,59ffba46-23d2-11e8-a6a3-ec086b02610b.jpg
1,5a0fd08f-23d2-11e8-a6a3-ec086b02610b.jpg
1,5a0fd12c-23d2-11e8-a6a3-ec086b02610b.jpg
1,5a0e36de-23d2-11e8-a6a3-ec086b02610b.jpg
1,5a0e36b3-23d2-11e8-a6a3-ec086b02610b.jpg
1,5a0c9c1b-23d2-11e8-a6a3-ec086b02610b.jpg
1,5a0e347b-23d2-11e8-a6a3-ec086b02610b.jpg
1,5a0e37c4-23d2-11e8-a6a3-ec086b02610b.jpg
1,5a0e3750-23d2-11e8-a6a3-ec086b02610b.jpg
1,5a0fcf0b-23d2-11e8-a6a3-ec086b02610b.jpg
1,5a0fcfaa-23d2-11e8-a6a3-ec086b02610b.jpg
1,5a0e3671-23d2-11e8-a6a3-ec086b02610b.jpg
1,5a0fd0f9-23d2-11e8-a6a3-ec086b02610b.jpg
1,5a0fcf58-23d2-11e8-a6a3-ec086b02610b.jpg
1,5a0c9da3-23d2-11e8-a6a3-ec086b02610b.jpg
1,5a0fd145-23d2-11e8-a6a3-ec086b02610b.jpg
1,5a0c9dbe-23d2-11e8-a6a3-ec086b02610b.jpg
1,5a0fd0ff-23d2-11e8-a6a3-ec086b02610b.jpg
1,5a0e374c-23d2-11e8-a6a3-ec086b02610b.jpg
1,5a0c9c7b-23d2-11e8-a6a3-ec086b02610b.jpg
1,5a0c9ccf-23d2-11e8-a6a3-ec086b02610b.jpg
1,5a0e3679-23d2-11e8-a6a3-ec086b02610b.jpg
1,5a0fcec0-23d2-11e8-a6a3-ec086b02610b.jpg
1,5a0e35d7-23d2-11e8-a6a3-ec086b02610b.jpg
1,5a0fd017-23d2-11e8-a6a3-ec086b02610b.jpg
1,5a0c9bf9-23d2-11e8-a6a3-ec086b02610b.jpg
1,5a0c9c89-23d2-11e8-a6a3-ec086b02610b.jpg
1,5a0fd1cb-23d2-11e8-a6a3-ec086b02610b.jpg
1,5a0e370d-23d2-11e8-a6a3-ec086b02610b.jpg
1,5a0fd15e-23d2-11e8-a6a3-ec086b02610b.jpg
1,5a0fd019-23d2-11e8-a6a3-ec086b02610b.jpg
1,5a0e3647-23d2-11e8-a6a3-ec086b02610b.jpg
1,5a0fcfcd-23d2-11e8-a6a3-ec086b02610b.jpg
1,5a0fd081-23d2-11e8-a6a3-ec086b02610b.jpg
1,5a0fcfc1-23d2-11e8-a6a3-ec086b02610b.jpg
1,5a0c9c5b-23d2-11e8-a6a3-ec086b02610b.jpg
1,5a0fcf4c-23d2-11e8-a6a3-ec086b02610b.jpg
1,5a0c9d1d-23d2-11e8-a6a3-ec086b02610b.jpg
1,5a0fcf84-23d2-11e8-a6a3-ec086b02610b.jpg
1,5a0c9cbd-23d2-11e8-a6a3-ec086b02610b.jpg
1,5a0c9d64-23d2-11e8-a6a3-ec086b02610b.jpg
1,5a0fcf77-23d2-11e8-a6a3-ec086b02610b.jpg
1,5a2e14a2-23d2-11e8-a6a3-ec086b02610b.jpg
3,5a0e3510-23d2-11e8-a6a3-ec086b02610b.jpg
3,5a0c9c8e-23d2-11e8-a6a3-ec086b02610b.jpg
3,5a0e3760-23d2-11e8-a6a3-ec086b02610b.jpg
3,5a0c9d36-23d2-11e8-a6a3-ec086b02610b.jpg
3,5a0fd15b-23d2-11e8-a6a3-ec086b02610b.jpg
3,5a0fcf6f-23d2-11e8-a6a3-ec086b02610b.jpg
3,5a0c9d43-23d2-11e8-a6a3-ec086b02610b.jpg
3,5a0e3637-23d2-11e8-a6a3-ec086b02610b.jpg
3,5a0fcf18-23d2-11e8-a6a3-ec086b02610b.jpg
3,5a0e35aa-23d2-11e8-a6a3-ec086b02610b.jpg
3,5a0fd010-23d2-11e8-a6a3-ec086b02610b.jpg
3,5a0fd1ef-23d2-11e8-a6a3-ec086b02610b.jpg
3,5a0fd178-23d2-11e8-a6a3-ec086b02610b.jpg
3,5a0e3609-23d2-11e8-a6a3-ec086b02610b.jpg
4,5a0e36da-23d2-11e8-a6a3-ec086b02610b.jpg
4,5a0fcef3-23d2-11e8-a6a3-ec086b02610b.jpg
4,5a0fd1ee-23d2-11e8-a6a3-ec086b02610b.jpg
4,5a0c9cf1-23d2-11e8-a6a3-ec086b02610b.jpg
4,5a0e357d-23d2-11e8-a6a3-ec086b02610b.jpg
4,5a0e359f-23d2-11e8-a6a3-ec086b02610b.jpg
4,5a0e374a-23d2-11e8-a6a3-ec086b02610b.jpg
4,5a0e36bd-23d2-11e8-a6a3-ec086b02610b.jpg
4,5a0c9d25-23d2-11e8-a6a3-ec086b02610b.jpg
4,5a0e3800-23d2-11e8-a6a3-ec086b02610b.jpg
4,5a0fd099-23d2-11e8-a6a3-ec086b02610b.jpg
4,5a0c9d56-23d2-11e8-a6a3-ec086b02610b.jpg
4,5a0e3611-23d2-11e8-a6a3-ec086b02610b.jpg
4,5a0fcf3f-23d2-11e8-a6a3-ec086b02610b.jpg
4,5a0fceb1-23d2-11e8-a6a3-ec086b02610b.jpg
4,5a0fd27e-23d2-11e8-a6a3-ec086b02610b.jpg
4,5a0e371e-23d2-11e8-a6a3-ec086b02610b.jpg
4,5a0e356a-23d2-11e8-a6a3-ec086b02610b.jpg
8,5a0fcfc6-23d2-11e8-a6a3-ec086b02610b.jpg
8,5a0e346c-23d2-11e8-a6a3-ec086b02610b.jpg
8,5a0e375d-23d2-11e8-a6a3-ec086b02610b.jpg
8,5a0c9cbf-23d2-11e8-a6a3-ec086b02610b.jpg
8,5a0c9c00-23d2-11e8-a6a3-ec086b02610b.jpg
8,5a0c9bf1-23d2-11e8-a6a3-ec086b02610b.jpg
8,5a0e3595-23d2-11e8-a6a3-ec086b02610b.jpg
8,5a0fcff0-23d2-11e8-a6a3-ec086b02610b.jpg
8,5a0e3737-23d2-11e8-a6a3-ec086b02610b.jpg
8,5a0c9cc2-23d2-11e8-a6a3-ec086b02610b.jpg
8,5a0e37a9-23d2-11e8-a6a3-ec086b02610b.jpg
8,5a0fd1e7-23d2-11e8-a6a3-ec086b02610b.jpg
8,5a0e354c-23d2-11e8-a6a3-ec086b02610b.jpg
8,5a0fcfe6-23d2-11e8-a6a3-ec086b02610b.jpg
8,5a0e3753-23d2-11e8-a6a3-ec086b02610b.jpg
8,5a0fd0c7-23d2-11e8-a6a3-ec086b02610b.jpg
8,5a0fd1b8-23d2-11e8-a6a3-ec086b02610b.jpg
8,5a0c9e18-23d2-11e8-a6a3-ec086b02610b.jpg
8,5a0fd10c-23d2-11e8-a6a3-ec086b02610b.jpg
8,5a0c9cf2-23d2-11e8-a6a3-ec086b02610b.jpg
8,5a0e36fd-23d2-11e8-a6a3-ec086b02610b.jpg
8,5a0fd173-23d2-11e8-a6a3-ec086b02610b.jpg
8,5a0e35f5-23d2-11e8-a6a3-ec086b02610b.jpg
8,5a0fcf7b-23d2-11e8-a6a3-ec086b02610b.jpg
8,5a0e358e-23d2-11e8-a6a3-ec086b02610b.jpg
8,5a0fd22e-23d2-11e8-a6a3-ec086b02610b.jpg
8,5a0e36cc-23d2-11e8-a6a3-ec086b02610b.jpg
8,5a0e37e5-23d2-11e8-a6a3-ec086b02610b.jpg
8,5a0c9c0c-23d2-11e8-a6a3-ec086b02610b.jpg
8,5a0e35ec-23d2-11e8-a6a3-ec086b02610b.jpg
8,5a0c9b44-23d2-11e8-a6a3-ec086b02610b.jpg
8,5a0e3463-23d2-11e8-a6a3-ec086b02610b.jpg
8,5a0e35df-23d2-11e8-a6a3-ec086b02610b.jpg
8,5a0c9bc3-23d2-11e8-a6a3-ec086b02610b.jpg
8,5a0e3651-23d2-11e8-a6a3-ec086b02610b.jpg
8,5a0fd00a-23d2-11e8-a6a3-ec086b02610b.jpg
8,5a0e3628-23d2-11e8-a6a3-ec086b02610b.jpg
8,5a0e3479-23d2-11e8-a6a3-ec086b02610b.jpg
8,5a0fcfb2-23d2-11e8-a6a3-ec086b02610b.jpg
8,5a0fd114-23d2-11e8-a6a3-ec086b02610b.jpg
8,5a0fcf73-23d2-11e8-a6a3-ec086b02610b.jpg
8,5a0e3616-23d2-11e8-a6a3-ec086b02610b.jpg
8,5a0fd0a9-23d2-11e8-a6a3-ec086b02610b.jpg
8,5a0e3803-23d2-11e8-a6a3-ec086b02610b.jpg
8,5a0fd05b-23d2-11e8-a6a3-ec086b02610b.jpg
8,5a0e3474-23d2-11e8-a6a3-ec086b02610b.jpg
8,5a0c9c08-23d2-11e8-a6a3-ec086b02610b.jpg
8,5a2e1497-23d2-11e8-a6a3-ec086b02610b.jpg
8,5a0c9bdf-23d2-11e8-a6a3-ec086b02610b.jpg
8,5a0fd170-23d2-11e8-a6a3-ec086b02610b.jpg
10,5a0c9d5f-23d2-11e8-a6a3-ec086b02610b.jpg
10,5a0c9cae-23d2-11e8-a6a3-ec086b02610b.jpg
10,5a0fd1c0-23d2-11e8-a6a3-ec086b02610b.jpg
10,5a0fd044-23d2-11e8-a6a3-ec086b02610b.jpg
10,5a0c9cb3-23d2-11e8-a6a3-ec086b02610b.jpg
10,5a2e1496-23d2-11e8-a6a3-ec086b02610b.jpg
10,5a0e348c-23d2-11e8-a6a3-ec086b02610b.jpg
10,5a0fd0c0-23d2-11e8-a6a3-ec086b02610b.jpg
10,5a0c9c4b-23d2-11e8-a6a3-ec086b02610b.jpg
10,5a0c9be7-23d2-11e8-a6a3-ec086b02610b.jpg
10,5a0fd0fe-23d2-11e8-a6a3-ec086b02610b.jpg
11,5a0e357e-23d2-11e8-a6a3-ec086b02610b.jpg
11,5a0e36cf-23d2-11e8-a6a3-ec086b02610b.jpg
11,5a0e36f5-23d2-11e8-a6a3-ec086b02610b.jpg
11,5a0e3666-23d2-11e8-a6a3-ec086b02610b.jpg
11,5a0fd127-23d2-11e8-a6a3-ec086b02610b.jpg
11,5a0fcfc9-23d2-11e8-a6a3-ec086b02610b.jpg
11,5a0e36eb-23d2-11e8-a6a3-ec086b02610b.jpg
11,5a0e37ae-23d2-11e8-a6a3-ec086b02610b.jpg
11,5a0e345d-23d2-11e8-a6a3-ec086b02610b.jpg
11,59ffba9e-23d2-11e8-a6a3-ec086b02610b.jpg
11,5a0fcf3a-23d2-11e8-a6a3-ec086b02610b.jpg
11,5a0fd25a-23d2-11e8-a6a3-ec086b02610b.jpg
11,5a0c9b76-23d2-11e8-a6a3-ec086b02610b.jpg
11,5a0e36d7-23d2-11e8-a6a3-ec086b02610b.jpg
11,5a0fd041-23d2-11e8-a6a3-ec086b02610b.jpg
11,5a0c9db6-23d2-11e8-a6a3-ec086b02610b.jpg
11,5a0e37d3-23d2-11e8-a6a3-ec086b02610b.jpg
11,5a0c9c6a-23d2-11e8-a6a3-ec086b02610b.jpg
11,5a0c9bc9-23d2-11e8-a6a3-ec086b02610b.jpg
11,5a0c9df3-23d2-11e8-a6a3-ec086b02610b.jpg
11,5a0e37f2-23d2-11e8-a6a3-ec086b02610b.jpg
11,5a0fcfe9-23d2-11e8-a6a3-ec086b02610b.jpg
11,5a0c9ba4-23d2-11e8-a6a3-ec086b02610b.jpg
11,5a0fcf93-23d2-11e8-a6a3-ec086b02610b.jpg
11,5a0fd24d-23d2-11e8-a6a3-ec086b02610b.jpg
11,5a0fd05f-23d2-11e8-a6a3-ec086b02610b.jpg
11,5a0e36db-23d2-11e8-a6a3-ec086b02610b.jpg
11,5a0fd1a5-23d2-11e8-a6a3-ec086b02610b.jpg
11,5a0fd1f1-23d2-11e8-a6a3-ec086b02610b.jpg
11,5a0c9cd4-23d2-11e8-a6a3-ec086b02610b.jpg
11,5a0fcf39-23d2-11e8-a6a3-ec086b02610b.jpg
11,5a0c9bbe-23d2-11e8-a6a3-ec086b02610b.jpg
11,5a0e34a2-23d2-11e8-a6a3-ec086b02610b.jpg
11,5a0fd28b-23d2-11e8-a6a3-ec086b02610b.jpg
11,5a0e35ff-23d2-11e8-a6a3-ec086b02610b.jpg
11,5a0c9c39-23d2-11e8-a6a3-ec086b02610b.jpg
11,5a0c9dc7-23d2-11e8-a6a3-ec086b02610b.jpg
11,5a0e3498-23d2-11e8-a6a3-ec086b02610b.jpg
11,5a0e35d0-23d2-11e8-a6a3-ec086b02610b.jpg
11,5a0c9de0-23d2-11e8-a6a3-ec086b02610b.jpg
11,5a0e367b-23d2-11e8-a6a3-ec086b02610b.jpg
11,5a0c9ce4-23d2-11e8-a6a3-ec086b02610b.jpg
11,5a0fd06a-23d2-11e8-a6a3-ec086b02610b.jpg
11,5a0c9c2d-23d2-11e8-a6a3-ec086b02610b.jpg
11,5a0c9dfa-23d2-11e8-a6a3-ec086b02610b.jpg
13,5a0fcf64-23d2-11e8-a6a3-ec086b02610b.jpg
13,5a0e376f-23d2-11e8-a6a3-ec086b02610b.jpg
13,5a0fd04a-23d2-11e8-a6a3-ec086b02610b.jpg
13,5a0e3499-23d2-11e8-a6a3-ec086b02610b.jpg
13,5a0fd1e5-23d2-11e8-a6a3-ec086b02610b.jpg
13,5a0c9d71-23d2-11e8-a6a3-ec086b02610b.jpg
13,5a0c9bde-23d2-11e8-a6a3-ec086b02610b.jpg
13,5a0c9da8-23d2-11e8-a6a3-ec086b02610b.jpg
13,5a0c9bdb-23d2-11e8-a6a3-ec086b02610b.jpg
13,5a0fd146-23d2-11e8-a6a3-ec086b02610b.jpg
13,5a0fd052-23d2-11e8-a6a3-ec086b02610b.jpg
13,5a0e3552-23d2-11e8-a6a3-ec086b02610b.jpg
13,5a0fd0a4-23d2-11e8-a6a3-ec086b02610b.jpg
13,5a0e3801-23d2-11e8-a6a3-ec086b02610b.jpg
13,5a0e37c5-23d2-11e8-a6a3-ec086b02610b.jpg
13,5a0c9cf4-23d2-11e8-a6a3-ec086b02610b.jpg
13,5a0fd0f1-23d2-11e8-a6a3-ec086b02610b.jpg
13,5a0e3509-23d2-11e8-a6a3-ec086b02610b.jpg
13,5a0fcf8c-23d2-11e8-a6a3-ec086b02610b.jpg
13,5a0e3658-23d2-11e8-a6a3-ec086b02610b.jpg
13,5a0c9e02-23d2-11e8-a6a3-ec086b02610b.jpg
13,5a0fcfda-23d2-11e8-a6a3-ec086b02610b.jpg
13,5a0fcf6b-23d2-11e8-a6a3-ec086b02610b.jpg
13,5a0c9c19-23d2-11e8-a6a3-ec086b02610b.jpg
13,5a0c9bc2-23d2-11e8-a6a3-ec086b02610b.jpg
13,5a0e3833-23d2-11e8-a6a3-ec086b02610b.jpg
13,5a0c9c11-23d2-11e8-a6a3-ec086b02610b.jpg
13,5a0fd117-23d2-11e8-a6a3-ec086b02610b.jpg
13,5a0fcf46-23d2-11e8-a6a3-ec086b02610b.jpg
13,5a0fd0e2-23d2-11e8-a6a3-ec086b02610b.jpg
14,5a0e3695-23d2-11e8-a6a3-ec086b02610b.jpg
14,5a0fcf36-23d2-11e8-a6a3-ec086b02610b.jpg
14,5a0fd1a4-23d2-11e8-a6a3-ec086b02610b.jpg
14,5a0e35cf-23d2-11e8-a6a3-ec086b02610b.jpg
14,5a0e3451-23d2-11e8-a6a3-ec086b02610b.jpg
14,5a0e35d5-23d2-11e8-a6a3-ec086b02610b.jpg
14,5a0c9bc1-23d2-11e8-a6a3-ec086b02610b.jpg
14,5a0c9d13-23d2-11e8-a6a3-ec086b02610b.jpg
14,5a0fd1b9-23d2-11e8-a6a3-ec086b02610b.jpg
14,5a0c9da1-23d2-11e8-a6a3-ec086b02610b.jpg
14,5a0fcf52-23d2-11e8-a6a3-ec086b02610b.jpg
14,5a0fd064-23d2-11e8-a6a3-ec086b02610b.jpg
16,5a0e3518-23d2-11e8-a6a3-ec086b02610b.jpg
16,5a0fcf72-23d2-11e8-a6a3-ec086b02610b.jpg
16,5a0e358a-23d2-11e8-a6a3-ec086b02610b.jpg
16,5a0e3602-23d2-11e8-a6a3-ec086b02610b.jpg
16,5a0fd105-23d2-11e8-a6a3-ec086b02610b.jpg
16,5a0e380f-23d2-11e8-a6a3-ec086b02610b.jpg
16,5a0c9c61-23d2-11e8-a6a3-ec086b02610b.jpg
16,5a0e381a-23d2-11e8-a6a3-ec086b02610b.jpg
16,5a0fd22a-23d2-11e8-a6a3-ec086b02610b.jpg
16,5a0fd16e-23d2-11e8-a6a3-ec086b02610b.jpg
16,5a0fd174-23d2-11e8-a6a3-ec086b02610b.jpg
16,5a0fcf9e-23d2-11e8-a6a3-ec086b02610b.jpg
16,5a0fcf9c-23d2-11e8-a6a3-ec086b02610b.jpg
16,5a0e3601-23d2-11e8-a6a3-ec086b02610b.jpg
16,5a0fcff1-23d2-11e8-a6a3-ec086b02610b.jpg
16,5a0fd031-23d2-11e8-a6a3-ec086b02610b.jpg
16,5a0e378d-23d2-11e8-a6a3-ec086b02610b.jpg
16,5a0e379d-23d2-11e8-a6a3-ec086b02610b.jpg
16,5a0c9dfd-23d2-11e8-a6a3-ec086b02610b.jpg
16,5a0e3644-23d2-11e8-a6a3-ec086b02610b.jpg
16,5a0e375a-23d2-11e8-a6a3-ec086b02610b.jpg
16,5a0e36e5-23d2-11e8-a6a3-ec086b02610b.jpg
16,5a0fd14a-23d2-11e8-a6a3-ec086b02610b.jpg
16,5a0c9b72-23d2-11e8-a6a3-ec086b02610b.jpg
16,5a0e3590-23d2-11e8-a6a3-ec086b02610b.jpg
16,5a0c9d16-23d2-11e8-a6a3-ec086b02610b.jpg
16,5a0fd25d-23d2-11e8-a6a3-ec086b02610b.jpg
16,5a0c9c40-23d2-11e8-a6a3-ec086b02610b.jpg
16,5a0c9ba1-23d2-11e8-a6a3-ec086b02610b.jpg
16,5a0c9d9f-23d2-11e8-a6a3-ec086b02610b.jpg
16,5a0fd1f7-23d2-11e8-a6a3-ec086b02610b.jpg
16,5a0c9c15-23d2-11e8-a6a3-ec086b02610b.jpg
16,5a0e3544-23d2-11e8-a6a3-ec086b02610b.jpg
16,5a0c9dc2-23d2-11e8-a6a3-ec086b02610b.jpg
16,5a0e34e0-23d2-11e8-a6a3-ec086b02610b.jpg
16,5a0fd0b1-23d2-11e8-a6a3-ec086b02610b.jpg
16,5a0fd053-23d2-11e8-a6a3-ec086b02610b.jpg
16,5a0c9db2-23d2-11e8-a6a3-ec086b02610b.jpg
16,5a0c9da6-23d2-11e8-a6a3-ec086b02610b.jpg
16,5a0c9d7e-23d2-11e8-a6a3-ec086b02610b.jpg
16,5a0e360a-23d2-11e8-a6a3-ec086b02610b.jpg
16,5a0c9c57-23d2-11e8-a6a3-ec086b02610b.jpg
16,5a0e37ea-23d2-11e8-a6a3-ec086b02610b.jpg
17,5a0c9cd1-23d2-11e8-a6a3-ec086b02610b.jpg
17,5a0e3528-23d2-11e8-a6a3-ec086b02610b.jpg
17,5a0e34fc-23d2-11e8-a6a3-ec086b02610b.jpg
17,5a0c9b65-23d2-11e8-a6a3-ec086b02610b.jpg
17,5a0e37db-23d2-11e8-a6a3-ec086b02610b.jpg
17,5a0fd1e6-23d2-11e8-a6a3-ec086b02610b.jpg
17,5a0c9dbd-23d2-11e8-a6a3-ec086b02610b.jpg
17,59ffba37-23d2-11e8-a6a3-ec086b02610b.jpg
17,5a0e3806-23d2-11e8-a6a3-ec086b02610b.jpg
17,5a0e35e8-23d2-11e8-a6a3-ec086b02610b.jpg
17,5a0fd0db-23d2-11e8-a6a3-ec086b02610b.jpg
17,5a0e3632-23d2-11e8-a6a3-ec086b02610b.jpg
17,5a0fd137-23d2-11e8-a6a3-ec086b02610b.jpg
17,5a0c9db8-23d2-11e8-a6a3-ec086b02610b.jpg
17,5a0fd0af-23d2-11e8-a6a3-ec086b02610b.jpg
17,5a0fd077-23d2-11e8-a6a3-ec086b02610b.jpg
17,5a0fd0f3-23d2-11e8-a6a3-ec086b02610b.jpg
17,5a0c9bb7-23d2-11e8-a6a3-ec086b02610b.jpg
17,5a0fd20e-23d2-11e8-a6a3-ec086b02610b.jpg
17,5a0fd24a-23d2-11e8-a6a3-ec086b02610b.jpg
17,5a0e3790-23d2-11e8-a6a3-ec086b02610b.jpg
17,5a0e35c8-23d2-11e8-a6a3-ec086b02610b.jpg
17,5a0fd199-23d2-11e8-a6a3-ec086b02610b.jpg
17,5a0fd09e-23d2-11e8-a6a3-ec086b02610b.jpg
17,5a0c9c42-23d2-11e8-a6a3-ec086b02610b.jpg
17,5a0e3688-23d2-11e8-a6a3-ec086b02610b.jpg
17,5a0fcee5-23d2-11e8-a6a3-ec086b02610b.jpg
17,5a0e377b-23d2-11e8-a6a3-ec086b02610b.jpg
17,59ffba35-23d2-11e8-a6a3-ec086b02610b.jpg
17,5a0e35fd-23d2-11e8-a6a3-ec086b02610b.jpg
17,5a0fcf24-23d2-11e8-a6a3-ec086b02610b.jpg
18,5a0e3812-23d2-11e8-a6a3-ec086b02610b.jpg
18,5a0fd1b4-23d2-11e8-a6a3-ec086b02610b.jpg
18,5a0c9dde-23d2-11e8-a6a3-ec086b02610b.jpg
18,5a0c9be6-23d2-11e8-a6a3-ec086b02610b.jpg
18,5a0c9df9-23d2-11e8-a6a3-ec086b02610b.jpg
18,5a0e34de-23d2-11e8-a6a3-ec086b02610b.jpg
18,5a0c9c81-23d2-11e8-a6a3-ec086b02610b.jpg
18,5a0fd1b6-23d2-11e8-a6a3-ec086b02610b.jpg
18,5a0e3721-23d2-11e8-a6a3-ec086b02610b.jpg
18,5a0c9b46-23d2-11e8-a6a3-ec086b02610b.jpg
18,5a0fd18d-23d2-11e8-a6a3-ec086b02610b.jpg
19,5a0fd20b-23d2-11e8-a6a3-ec086b02610b.jpg
19,5a0e353b-23d2-11e8-a6a3-ec086b02610b.jpg
19,5a0e34d2-23d2-11e8-a6a3-ec086b02610b.jpg
19,5a0c9c35-23d2-11e8-a6a3-ec086b02610b.jpg
19,5a0e3617-23d2-11e8-a6a3-ec086b02610b.jpg
19,5a0fd102-23d2-11e8-a6a3-ec086b02610b.jpg
19,5a0c9da2-23d2-11e8-a6a3-ec086b02610b.jpg
19,5a2e14b8-23d2-11e8-a6a3-ec086b02610b.jpg
19,5a0e361a-23d2-11e8-a6a3-ec086b02610b.jpg
19,5a0fcf7d-23d2-11e8-a6a3-ec086b02610b.jpg
19,5a0e3781-23d2-11e8-a6a3-ec086b02610b.jpg
19,5a0e3677-23d2-11e8-a6a3-ec086b02610b.jpg
19,5a0e3767-23d2-11e8-a6a3-ec086b02610b.jpg
19,5a0e3618-23d2-11e8-a6a3-ec086b02610b.jpg
19,5a0e3667-23d2-11e8-a6a3-ec086b02610b.jpg
19,5a0e35f7-23d2-11e8-a6a3-ec086b02610b.jpg
19,5a0fd13a-23d2-11e8-a6a3-ec086b02610b.jpg
19,5a0e382d-23d2-11e8-a6a3-ec086b02610b.jpg
19,5a0e34d7-23d2-11e8-a6a3-ec086b02610b.jpg
19,5a0fd045-23d2-11e8-a6a3-ec086b02610b.jpg
